--
-- PostgreSQL database dump
--

-- Dumped from database version 15.0 (Debian 15.0-1.pgdg110+1)
-- Dumped by pg_dump version 15.0 (Debian 15.0-1.pgdg110+1)

-- Started on 2024-10-30 10:10:39 UTC

SET statement_timeout = 0;
SET lock_timeout = 0;
SET idle_in_transaction_session_timeout = 0;
SET client_encoding = 'UTF8';
SET standard_conforming_strings = on;
SELECT pg_catalog.set_config('search_path', '', false);
SET check_function_bodies = false;
SET xmloption = content;
SET client_min_messages = warning;
SET row_security = off;

SET default_tablespace = '';

SET default_table_access_method = heap;

--
-- TOC entry 214 (class 1259 OID 16385)
-- Name: auth_group; Type: TABLE; Schema: public; Owner: totolastico
--

CREATE TABLE public.auth_group (
    id integer NOT NULL,
    name character varying(150) NOT NULL
);


ALTER TABLE public.auth_group OWNER TO totolastico;

--
-- TOC entry 215 (class 1259 OID 16388)
-- Name: auth_group_id_seq; Type: SEQUENCE; Schema: public; Owner: totolastico
--

ALTER TABLE public.auth_group ALTER COLUMN id ADD GENERATED BY DEFAULT AS IDENTITY (
    SEQUENCE NAME public.auth_group_id_seq
    START WITH 1
    INCREMENT BY 1
    NO MINVALUE
    NO MAXVALUE
    CACHE 1
);


--
-- TOC entry 216 (class 1259 OID 16389)
-- Name: auth_group_permissions; Type: TABLE; Schema: public; Owner: totolastico
--

CREATE TABLE public.auth_group_permissions (
    id bigint NOT NULL,
    group_id integer NOT NULL,
    permission_id integer NOT NULL
);


ALTER TABLE public.auth_group_permissions OWNER TO totolastico;

--
-- TOC entry 217 (class 1259 OID 16392)
-- Name: auth_group_permissions_id_seq; Type: SEQUENCE; Schema: public; Owner: totolastico
--

ALTER TABLE public.auth_group_permissions ALTER COLUMN id ADD GENERATED BY DEFAULT AS IDENTITY (
    SEQUENCE NAME public.auth_group_permissions_id_seq
    START WITH 1
    INCREMENT BY 1
    NO MINVALUE
    NO MAXVALUE
    CACHE 1
);


--
-- TOC entry 218 (class 1259 OID 16393)
-- Name: auth_permission; Type: TABLE; Schema: public; Owner: totolastico
--

CREATE TABLE public.auth_permission (
    id integer NOT NULL,
    name character varying(255) NOT NULL,
    content_type_id integer NOT NULL,
    codename character varying(100) NOT NULL
);


ALTER TABLE public.auth_permission OWNER TO totolastico;

--
-- TOC entry 219 (class 1259 OID 16396)
-- Name: auth_permission_id_seq; Type: SEQUENCE; Schema: public; Owner: totolastico
--

ALTER TABLE public.auth_permission ALTER COLUMN id ADD GENERATED BY DEFAULT AS IDENTITY (
    SEQUENCE NAME public.auth_permission_id_seq
    START WITH 1
    INCREMENT BY 1
    NO MINVALUE
    NO MAXVALUE
    CACHE 1
);


--
-- TOC entry 220 (class 1259 OID 16397)
-- Name: auth_user; Type: TABLE; Schema: public; Owner: totolastico
--

CREATE TABLE public.auth_user (
    id integer NOT NULL,
    password character varying(128) NOT NULL,
    last_login timestamp with time zone,
    is_superuser boolean NOT NULL,
    username character varying(150) NOT NULL,
    first_name character varying(150) NOT NULL,
    last_name character varying(150) NOT NULL,
    email character varying(254) NOT NULL,
    is_staff boolean NOT NULL,
    is_active boolean NOT NULL,
    date_joined timestamp with time zone NOT NULL
);


ALTER TABLE public.auth_user OWNER TO totolastico;

--
-- TOC entry 221 (class 1259 OID 16402)
-- Name: auth_user_groups; Type: TABLE; Schema: public; Owner: totolastico
--

CREATE TABLE public.auth_user_groups (
    id bigint NOT NULL,
    user_id integer NOT NULL,
    group_id integer NOT NULL
);


ALTER TABLE public.auth_user_groups OWNER TO totolastico;

--
-- TOC entry 222 (class 1259 OID 16405)
-- Name: auth_user_groups_id_seq; Type: SEQUENCE; Schema: public; Owner: totolastico
--

ALTER TABLE public.auth_user_groups ALTER COLUMN id ADD GENERATED BY DEFAULT AS IDENTITY (
    SEQUENCE NAME public.auth_user_groups_id_seq
    START WITH 1
    INCREMENT BY 1
    NO MINVALUE
    NO MAXVALUE
    CACHE 1
);


--
-- TOC entry 223 (class 1259 OID 16406)
-- Name: auth_user_id_seq; Type: SEQUENCE; Schema: public; Owner: totolastico
--

ALTER TABLE public.auth_user ALTER COLUMN id ADD GENERATED BY DEFAULT AS IDENTITY (
    SEQUENCE NAME public.auth_user_id_seq
    START WITH 1
    INCREMENT BY 1
    NO MINVALUE
    NO MAXVALUE
    CACHE 1
);


--
-- TOC entry 224 (class 1259 OID 16407)
-- Name: auth_user_user_permissions; Type: TABLE; Schema: public; Owner: totolastico
--

CREATE TABLE public.auth_user_user_permissions (
    id bigint NOT NULL,
    user_id integer NOT NULL,
    permission_id integer NOT NULL
);


ALTER TABLE public.auth_user_user_permissions OWNER TO totolastico;

--
-- TOC entry 225 (class 1259 OID 16410)
-- Name: auth_user_user_permissions_id_seq; Type: SEQUENCE; Schema: public; Owner: totolastico
--

ALTER TABLE public.auth_user_user_permissions ALTER COLUMN id ADD GENERATED BY DEFAULT AS IDENTITY (
    SEQUENCE NAME public.auth_user_user_permissions_id_seq
    START WITH 1
    INCREMENT BY 1
    NO MINVALUE
    NO MAXVALUE
    CACHE 1
);


--
-- TOC entry 226 (class 1259 OID 16411)
-- Name: django_admin_log; Type: TABLE; Schema: public; Owner: totolastico
--

CREATE TABLE public.django_admin_log (
    id integer NOT NULL,
    action_time timestamp with time zone NOT NULL,
    object_id text,
    object_repr character varying(200) NOT NULL,
    action_flag smallint NOT NULL,
    change_message text NOT NULL,
    content_type_id integer,
    user_id integer NOT NULL,
    CONSTRAINT django_admin_log_action_flag_check CHECK ((action_flag >= 0))
);


ALTER TABLE public.django_admin_log OWNER TO totolastico;

--
-- TOC entry 227 (class 1259 OID 16417)
-- Name: django_admin_log_id_seq; Type: SEQUENCE; Schema: public; Owner: totolastico
--

ALTER TABLE public.django_admin_log ALTER COLUMN id ADD GENERATED BY DEFAULT AS IDENTITY (
    SEQUENCE NAME public.django_admin_log_id_seq
    START WITH 1
    INCREMENT BY 1
    NO MINVALUE
    NO MAXVALUE
    CACHE 1
);


--
-- TOC entry 228 (class 1259 OID 16418)
-- Name: django_content_type; Type: TABLE; Schema: public; Owner: totolastico
--

CREATE TABLE public.django_content_type (
    id integer NOT NULL,
    app_label character varying(100) NOT NULL,
    model character varying(100) NOT NULL
);


ALTER TABLE public.django_content_type OWNER TO totolastico;

--
-- TOC entry 229 (class 1259 OID 16421)
-- Name: django_content_type_id_seq; Type: SEQUENCE; Schema: public; Owner: totolastico
--

ALTER TABLE public.django_content_type ALTER COLUMN id ADD GENERATED BY DEFAULT AS IDENTITY (
    SEQUENCE NAME public.django_content_type_id_seq
    START WITH 1
    INCREMENT BY 1
    NO MINVALUE
    NO MAXVALUE
    CACHE 1
);


--
-- TOC entry 230 (class 1259 OID 16422)
-- Name: django_migrations; Type: TABLE; Schema: public; Owner: totolastico
--

CREATE TABLE public.django_migrations (
    id bigint NOT NULL,
    app character varying(255) NOT NULL,
    name character varying(255) NOT NULL,
    applied timestamp with time zone NOT NULL
);


ALTER TABLE public.django_migrations OWNER TO totolastico;

--
-- TOC entry 231 (class 1259 OID 16427)
-- Name: django_migrations_id_seq; Type: SEQUENCE; Schema: public; Owner: totolastico
--

ALTER TABLE public.django_migrations ALTER COLUMN id ADD GENERATED BY DEFAULT AS IDENTITY (
    SEQUENCE NAME public.django_migrations_id_seq
    START WITH 1
    INCREMENT BY 1
    NO MINVALUE
    NO MAXVALUE
    CACHE 1
);


--
-- TOC entry 232 (class 1259 OID 16428)
-- Name: django_session; Type: TABLE; Schema: public; Owner: totolastico
--

CREATE TABLE public.django_session (
    session_key character varying(40) NOT NULL,
    session_data text NOT NULL,
    expire_date timestamp with time zone NOT NULL
);


ALTER TABLE public.django_session OWNER TO totolastico;

--
-- TOC entry 233 (class 1259 OID 16433)
-- Name: movie_app_actor; Type: TABLE; Schema: public; Owner: totolastico
--

CREATE TABLE public.movie_app_actor (
    id bigint NOT NULL,
    first_name character varying(15) NOT NULL,
    last_name character varying(15) NOT NULL
);


ALTER TABLE public.movie_app_actor OWNER TO totolastico;

--
-- TOC entry 234 (class 1259 OID 16436)
-- Name: movie_app_actor_id_seq; Type: SEQUENCE; Schema: public; Owner: totolastico
--

ALTER TABLE public.movie_app_actor ALTER COLUMN id ADD GENERATED BY DEFAULT AS IDENTITY (
    SEQUENCE NAME public.movie_app_actor_id_seq
    START WITH 1
    INCREMENT BY 1
    NO MINVALUE
    NO MAXVALUE
    CACHE 1
);


--
-- TOC entry 235 (class 1259 OID 16437)
-- Name: movie_app_movie; Type: TABLE; Schema: public; Owner: totolastico
--

CREATE TABLE public.movie_app_movie (
    id bigint NOT NULL,
    title character varying(45) NOT NULL,
    description text NOT NULL
);


ALTER TABLE public.movie_app_movie OWNER TO totolastico;

--
-- TOC entry 236 (class 1259 OID 16442)
-- Name: movie_app_movie_actors; Type: TABLE; Schema: public; Owner: totolastico
--

CREATE TABLE public.movie_app_movie_actors (
    id bigint NOT NULL,
    movie_id bigint NOT NULL,
    actor_id bigint NOT NULL
);


ALTER TABLE public.movie_app_movie_actors OWNER TO totolastico;

--
-- TOC entry 237 (class 1259 OID 16445)
-- Name: movie_app_movie_actors_id_seq; Type: SEQUENCE; Schema: public; Owner: totolastico
--

ALTER TABLE public.movie_app_movie_actors ALTER COLUMN id ADD GENERATED BY DEFAULT AS IDENTITY (
    SEQUENCE NAME public.movie_app_movie_actors_id_seq
    START WITH 1
    INCREMENT BY 1
    NO MINVALUE
    NO MAXVALUE
    CACHE 1
);


--
-- TOC entry 238 (class 1259 OID 16446)
-- Name: movie_app_movie_id_seq; Type: SEQUENCE; Schema: public; Owner: totolastico
--

ALTER TABLE public.movie_app_movie ALTER COLUMN id ADD GENERATED BY DEFAULT AS IDENTITY (
    SEQUENCE NAME public.movie_app_movie_id_seq
    START WITH 1
    INCREMENT BY 1
    NO MINVALUE
    NO MAXVALUE
    CACHE 1
);


--
-- TOC entry 239 (class 1259 OID 16447)
-- Name: movie_app_review; Type: TABLE; Schema: public; Owner: totolastico
--

CREATE TABLE public.movie_app_review (
    id bigint NOT NULL,
    grade integer NOT NULL,
    movie_id bigint NOT NULL
);


ALTER TABLE public.movie_app_review OWNER TO totolastico;

--
-- TOC entry 240 (class 1259 OID 16450)
-- Name: movie_app_review_id_seq; Type: SEQUENCE; Schema: public; Owner: totolastico
--

ALTER TABLE public.movie_app_review ALTER COLUMN id ADD GENERATED BY DEFAULT AS IDENTITY (
    SEQUENCE NAME public.movie_app_review_id_seq
    START WITH 1
    INCREMENT BY 1
    NO MINVALUE
    NO MAXVALUE
    CACHE 1
);


--
-- TOC entry 3455 (class 0 OID 16385)
-- Dependencies: 214
-- Data for Name: auth_group; Type: TABLE DATA; Schema: public; Owner: totolastico
--

COPY public.auth_group (id, name) FROM stdin;
\.


--
-- TOC entry 3457 (class 0 OID 16389)
-- Dependencies: 216
-- Data for Name: auth_group_permissions; Type: TABLE DATA; Schema: public; Owner: totolastico
--

COPY public.auth_group_permissions (id, group_id, permission_id) FROM stdin;
\.


--
-- TOC entry 3459 (class 0 OID 16393)
-- Dependencies: 218
-- Data for Name: auth_permission; Type: TABLE DATA; Schema: public; Owner: totolastico
--

COPY public.auth_permission (id, name, content_type_id, codename) FROM stdin;
1	Can add log entry	1	add_logentry
2	Can change log entry	1	change_logentry
3	Can delete log entry	1	delete_logentry
4	Can view log entry	1	view_logentry
5	Can add permission	2	add_permission
6	Can change permission	2	change_permission
7	Can delete permission	2	delete_permission
8	Can view permission	2	view_permission
9	Can add group	3	add_group
10	Can change group	3	change_group
11	Can delete group	3	delete_group
12	Can view group	3	view_group
13	Can add user	4	add_user
14	Can change user	4	change_user
15	Can delete user	4	delete_user
16	Can view user	4	view_user
17	Can add content type	5	add_contenttype
18	Can change content type	5	change_contenttype
19	Can delete content type	5	delete_contenttype
20	Can view content type	5	view_contenttype
21	Can add session	6	add_session
22	Can change session	6	change_session
23	Can delete session	6	delete_session
24	Can view session	6	view_session
25	Can add actor	7	add_actor
26	Can change actor	7	change_actor
27	Can delete actor	7	delete_actor
28	Can view actor	7	view_actor
29	Can add movie	8	add_movie
30	Can change movie	8	change_movie
31	Can delete movie	8	delete_movie
32	Can view movie	8	view_movie
33	Can add review	9	add_review
34	Can change review	9	change_review
35	Can delete review	9	delete_review
36	Can view review	9	view_review
\.


--
-- TOC entry 3461 (class 0 OID 16397)
-- Dependencies: 220
-- Data for Name: auth_user; Type: TABLE DATA; Schema: public; Owner: totolastico
--

COPY public.auth_user (id, password, last_login, is_superuser, username, first_name, last_name, email, is_staff, is_active, date_joined) FROM stdin;
\.


--
-- TOC entry 3462 (class 0 OID 16402)
-- Dependencies: 221
-- Data for Name: auth_user_groups; Type: TABLE DATA; Schema: public; Owner: totolastico
--

COPY public.auth_user_groups (id, user_id, group_id) FROM stdin;
\.


--
-- TOC entry 3465 (class 0 OID 16407)
-- Dependencies: 224
-- Data for Name: auth_user_user_permissions; Type: TABLE DATA; Schema: public; Owner: totolastico
--

COPY public.auth_user_user_permissions (id, user_id, permission_id) FROM stdin;
\.


--
-- TOC entry 3467 (class 0 OID 16411)
-- Dependencies: 226
-- Data for Name: django_admin_log; Type: TABLE DATA; Schema: public; Owner: totolastico
--

COPY public.django_admin_log (id, action_time, object_id, object_repr, action_flag, change_message, content_type_id, user_id) FROM stdin;
\.


--
-- TOC entry 3469 (class 0 OID 16418)
-- Dependencies: 228
-- Data for Name: django_content_type; Type: TABLE DATA; Schema: public; Owner: totolastico
--

COPY public.django_content_type (id, app_label, model) FROM stdin;
1	admin	logentry
2	auth	permission
3	auth	group
4	auth	user
5	contenttypes	contenttype
6	sessions	session
7	movie_app	actor
8	movie_app	movie
9	movie_app	review
\.


--
-- TOC entry 3471 (class 0 OID 16422)
-- Dependencies: 230
-- Data for Name: django_migrations; Type: TABLE DATA; Schema: public; Owner: totolastico
--

COPY public.django_migrations (id, app, name, applied) FROM stdin;
1	contenttypes	0001_initial	2022-11-06 13:56:46.060568+00
2	auth	0001_initial	2022-11-06 13:56:46.218217+00
3	admin	0001_initial	2022-11-06 13:56:46.25584+00
4	admin	0002_logentry_remove_auto_add	2022-11-06 13:56:46.267001+00
5	admin	0003_logentry_add_action_flag_choices	2022-11-06 13:56:46.27788+00
6	contenttypes	0002_remove_content_type_name	2022-11-06 13:56:46.298575+00
7	auth	0002_alter_permission_name_max_length	2022-11-06 13:56:46.310659+00
8	auth	0003_alter_user_email_max_length	2022-11-06 13:56:46.323069+00
9	auth	0004_alter_user_username_opts	2022-11-06 13:56:46.334453+00
10	auth	0005_alter_user_last_login_null	2022-11-06 13:56:46.348338+00
11	auth	0006_require_contenttypes_0002	2022-11-06 13:56:46.352895+00
12	auth	0007_alter_validators_add_error_messages	2022-11-06 13:56:46.360963+00
13	auth	0008_alter_user_username_max_length	2022-11-06 13:56:46.376523+00
14	auth	0009_alter_user_last_name_max_length	2022-11-06 13:56:46.387904+00
15	auth	0010_alter_group_name_max_length	2022-11-06 13:56:46.39932+00
16	auth	0011_update_proxy_permissions	2022-11-06 13:56:46.409516+00
17	auth	0012_alter_user_first_name_max_length	2022-11-06 13:56:46.42069+00
18	movie_app	0001_initial	2022-11-06 13:56:46.504649+00
19	sessions	0001_initial	2022-11-06 13:56:46.537952+00
20	movie_app	0002_alter_review_movie	2022-11-08 15:19:53.173426+00
21	movie_app	0003_alter_review_grade	2022-11-08 15:19:53.179989+00
\.


--
-- TOC entry 3473 (class 0 OID 16428)
-- Dependencies: 232
-- Data for Name: django_session; Type: TABLE DATA; Schema: public; Owner: totolastico
--

COPY public.django_session (session_key, session_data, expire_date) FROM stdin;
\.


--
-- TOC entry 3474 (class 0 OID 16433)
-- Dependencies: 233
-- Data for Name: movie_app_actor; Type: TABLE DATA; Schema: public; Owner: totolastico
--

COPY public.movie_app_actor (id, first_name, last_name) FROM stdin;
3	Leonardo	DiCaprio
4	Meryl	Streep
5	Denzel	Washington
6	Scarlett	Johansson
7	Morgan	Freeman
\.


--
-- TOC entry 3476 (class 0 OID 16437)
-- Dependencies: 235
-- Data for Name: movie_app_movie; Type: TABLE DATA; Schema: public; Owner: totolastico
--

COPY public.movie_app_movie (id, title, description) FROM stdin;
26	The Last Dawn	A dramatic journey into the heart of family and legacy.
27	Eternal Boundaries	Two strangers find love beyond their differences.
28	The Silent Watcher	A suspenseful thriller of survival.
29	Echoes of Yesterday	A nostalgic film about finding oneself.
30	Lost Horizon	An epic adventure into unknown lands.
31	Into the Storm	A high-tension drama on life, love, and danger.
32	The Forgotten Path	An exploration of memory and past choices.
33	City Lights	A romantic comedy set in a bustling metropolis.
34	Whispers in the Dark	A haunting tale of suspense and intrigue.
35	The Long Goodbye	A heartfelt drama on friendship and loss.
36	Winters Tale	A poetic story of love in harsh times.
37	Oceans Heart	An epic journey to the depths of the ocean.
38	The Runaway	A story about breaking free and starting over.
39	Broken Wings	An inspiring tale of resilience and hope.
40	Shadow and Light	A mystery thriller with twists and turns.
41	Stars Beyond	An interstellar adventure for all ages.
42	Autumn Bliss	A light-hearted romance set in the fall.
43	Chasing Dreams	A story of ambition and the struggles of fame.
44	The Secret Garden	A magical film about a hidden world.
45	Voices from the Past	A historical drama that transcends time.
\.


--
-- TOC entry 3477 (class 0 OID 16442)
-- Dependencies: 236
-- Data for Name: movie_app_movie_actors; Type: TABLE DATA; Schema: public; Owner: totolastico
--

COPY public.movie_app_movie_actors (id, movie_id, actor_id) FROM stdin;
30	26	3
31	26	4
32	26	5
33	27	6
34	27	7
35	28	3
36	28	5
37	29	4
38	29	6
39	30	3
40	30	7
41	31	5
42	31	7
43	32	6
44	32	4
45	33	3
46	33	5
47	34	7
48	34	4
49	35	3
50	35	6
51	36	4
52	36	5
53	37	3
54	37	7
55	38	6
56	38	4
57	39	5
58	39	7
59	40	6
60	40	3
61	41	7
62	41	5
63	42	4
64	42	3
65	43	3
66	43	7
67	44	5
68	44	6
69	45	6
70	45	4
71	45	7
\.


--
-- TOC entry 3480 (class 0 OID 16447)
-- Dependencies: 239
-- Data for Name: movie_app_review; Type: TABLE DATA; Schema: public; Owner: totolastico
--

COPY public.movie_app_review (id, grade, movie_id) FROM stdin;
5	5	26
6	3	26
7	5	26
8	4	26
9	4	26
10	3	27
11	5	28
12	2	29
13	4	30
14	3	31
15	2	32
16	5	33
17	4	34
18	3	35
19	5	36
20	4	37
21	3	38
22	2	39
23	5	40
24	4	41
25	3	42
26	2	43
27	5	44
28	4	45
29	5	26
30	2	27
31	4	28
32	1	29
33	3	30
34	4	31
35	5	32
36	2	33
37	3	34
38	4	35
39	1	36
40	5	37
41	2	38
42	3	39
43	4	40
44	1	41
45	5	42
46	2	43
47	3	44
48	4	45
\.


--
-- TOC entry 3487 (class 0 OID 0)
-- Dependencies: 215
-- Name: auth_group_id_seq; Type: SEQUENCE SET; Schema: public; Owner: totolastico
--

SELECT pg_catalog.setval('public.auth_group_id_seq', 1, false);


--
-- TOC entry 3488 (class 0 OID 0)
-- Dependencies: 217
-- Name: auth_group_permissions_id_seq; Type: SEQUENCE SET; Schema: public; Owner: totolastico
--

SELECT pg_catalog.setval('public.auth_group_permissions_id_seq', 1, false);


--
-- TOC entry 3489 (class 0 OID 0)
-- Dependencies: 219
-- Name: auth_permission_id_seq; Type: SEQUENCE SET; Schema: public; Owner: totolastico
--

SELECT pg_catalog.setval('public.auth_permission_id_seq', 36, true);


--
-- TOC entry 3490 (class 0 OID 0)
-- Dependencies: 222
-- Name: auth_user_groups_id_seq; Type: SEQUENCE SET; Schema: public; Owner: totolastico
--

SELECT pg_catalog.setval('public.auth_user_groups_id_seq', 1, false);


--
-- TOC entry 3491 (class 0 OID 0)
-- Dependencies: 223
-- Name: auth_user_id_seq; Type: SEQUENCE SET; Schema: public; Owner: totolastico
--

SELECT pg_catalog.setval('public.auth_user_id_seq', 1, false);


--
-- TOC entry 3492 (class 0 OID 0)
-- Dependencies: 225
-- Name: auth_user_user_permissions_id_seq; Type: SEQUENCE SET; Schema: public; Owner: totolastico
--

SELECT pg_catalog.setval('public.auth_user_user_permissions_id_seq', 1, false);


--
-- TOC entry 3493 (class 0 OID 0)
-- Dependencies: 227
-- Name: django_admin_log_id_seq; Type: SEQUENCE SET; Schema: public; Owner: totolastico
--

SELECT pg_catalog.setval('public.django_admin_log_id_seq', 1, false);


--
-- TOC entry 3494 (class 0 OID 0)
-- Dependencies: 229
-- Name: django_content_type_id_seq; Type: SEQUENCE SET; Schema: public; Owner: totolastico
--

SELECT pg_catalog.setval('public.django_content_type_id_seq', 9, true);


--
-- TOC entry 3495 (class 0 OID 0)
-- Dependencies: 231
-- Name: django_migrations_id_seq; Type: SEQUENCE SET; Schema: public; Owner: totolastico
--

SELECT pg_catalog.setval('public.django_migrations_id_seq', 21, true);


--
-- TOC entry 3496 (class 0 OID 0)
-- Dependencies: 234
-- Name: movie_app_actor_id_seq; Type: SEQUENCE SET; Schema: public; Owner: totolastico
--

SELECT pg_catalog.setval('public.movie_app_actor_id_seq', 7, true);


--
-- TOC entry 3497 (class 0 OID 0)
-- Dependencies: 237
-- Name: movie_app_movie_actors_id_seq; Type: SEQUENCE SET; Schema: public; Owner: totolastico
--

SELECT pg_catalog.setval('public.movie_app_movie_actors_id_seq', 71, true);


--
-- TOC entry 3498 (class 0 OID 0)
-- Dependencies: 238
-- Name: movie_app_movie_id_seq; Type: SEQUENCE SET; Schema: public; Owner: totolastico
--

SELECT pg_catalog.setval('public.movie_app_movie_id_seq', 45, true);


--
-- TOC entry 3499 (class 0 OID 0)
-- Dependencies: 240
-- Name: movie_app_review_id_seq; Type: SEQUENCE SET; Schema: public; Owner: totolastico
--

SELECT pg_catalog.setval('public.movie_app_review_id_seq', 48, true);


--
-- TOC entry 3243 (class 2606 OID 16452)
-- Name: auth_group auth_group_name_key; Type: CONSTRAINT; Schema: public; Owner: totolastico
--

ALTER TABLE ONLY public.auth_group
    ADD CONSTRAINT auth_group_name_key UNIQUE (name);


--
-- TOC entry 3248 (class 2606 OID 16454)
-- Name: auth_group_permissions auth_group_permissions_group_id_permission_id_0cd325b0_uniq; Type: CONSTRAINT; Schema: public; Owner: totolastico
--

ALTER TABLE ONLY public.auth_group_permissions
    ADD CONSTRAINT auth_group_permissions_group_id_permission_id_0cd325b0_uniq UNIQUE (group_id, permission_id);


--
-- TOC entry 3251 (class 2606 OID 16456)
-- Name: auth_group_permissions auth_group_permissions_pkey; Type: CONSTRAINT; Schema: public; Owner: totolastico
--

ALTER TABLE ONLY public.auth_group_permissions
    ADD CONSTRAINT auth_group_permissions_pkey PRIMARY KEY (id);


--
-- TOC entry 3245 (class 2606 OID 16458)
-- Name: auth_group auth_group_pkey; Type: CONSTRAINT; Schema: public; Owner: totolastico
--

ALTER TABLE ONLY public.auth_group
    ADD CONSTRAINT auth_group_pkey PRIMARY KEY (id);


--
-- TOC entry 3254 (class 2606 OID 16460)
-- Name: auth_permission auth_permission_content_type_id_codename_01ab375a_uniq; Type: CONSTRAINT; Schema: public; Owner: totolastico
--

ALTER TABLE ONLY public.auth_permission
    ADD CONSTRAINT auth_permission_content_type_id_codename_01ab375a_uniq UNIQUE (content_type_id, codename);


--
-- TOC entry 3256 (class 2606 OID 16462)
-- Name: auth_permission auth_permission_pkey; Type: CONSTRAINT; Schema: public; Owner: totolastico
--

ALTER TABLE ONLY public.auth_permission
    ADD CONSTRAINT auth_permission_pkey PRIMARY KEY (id);


--
-- TOC entry 3264 (class 2606 OID 16464)
-- Name: auth_user_groups auth_user_groups_pkey; Type: CONSTRAINT; Schema: public; Owner: totolastico
--

ALTER TABLE ONLY public.auth_user_groups
    ADD CONSTRAINT auth_user_groups_pkey PRIMARY KEY (id);


--
-- TOC entry 3267 (class 2606 OID 16466)
-- Name: auth_user_groups auth_user_groups_user_id_group_id_94350c0c_uniq; Type: CONSTRAINT; Schema: public; Owner: totolastico
--

ALTER TABLE ONLY public.auth_user_groups
    ADD CONSTRAINT auth_user_groups_user_id_group_id_94350c0c_uniq UNIQUE (user_id, group_id);


--
-- TOC entry 3258 (class 2606 OID 16468)
-- Name: auth_user auth_user_pkey; Type: CONSTRAINT; Schema: public; Owner: totolastico
--

ALTER TABLE ONLY public.auth_user
    ADD CONSTRAINT auth_user_pkey PRIMARY KEY (id);


--
-- TOC entry 3270 (class 2606 OID 16470)
-- Name: auth_user_user_permissions auth_user_user_permissions_pkey; Type: CONSTRAINT; Schema: public; Owner: totolastico
--

ALTER TABLE ONLY public.auth_user_user_permissions
    ADD CONSTRAINT auth_user_user_permissions_pkey PRIMARY KEY (id);


--
-- TOC entry 3273 (class 2606 OID 16472)
-- Name: auth_user_user_permissions auth_user_user_permissions_user_id_permission_id_14a6b632_uniq; Type: CONSTRAINT; Schema: public; Owner: totolastico
--

ALTER TABLE ONLY public.auth_user_user_permissions
    ADD CONSTRAINT auth_user_user_permissions_user_id_permission_id_14a6b632_uniq UNIQUE (user_id, permission_id);


--
-- TOC entry 3261 (class 2606 OID 16474)
-- Name: auth_user auth_user_username_key; Type: CONSTRAINT; Schema: public; Owner: totolastico
--

ALTER TABLE ONLY public.auth_user
    ADD CONSTRAINT auth_user_username_key UNIQUE (username);


--
-- TOC entry 3276 (class 2606 OID 16476)
-- Name: django_admin_log django_admin_log_pkey; Type: CONSTRAINT; Schema: public; Owner: totolastico
--

ALTER TABLE ONLY public.django_admin_log
    ADD CONSTRAINT django_admin_log_pkey PRIMARY KEY (id);


--
-- TOC entry 3279 (class 2606 OID 16478)
-- Name: django_content_type django_content_type_app_label_model_76bd3d3b_uniq; Type: CONSTRAINT; Schema: public; Owner: totolastico
--

ALTER TABLE ONLY public.django_content_type
    ADD CONSTRAINT django_content_type_app_label_model_76bd3d3b_uniq UNIQUE (app_label, model);


--
-- TOC entry 3281 (class 2606 OID 16480)
-- Name: django_content_type django_content_type_pkey; Type: CONSTRAINT; Schema: public; Owner: totolastico
--

ALTER TABLE ONLY public.django_content_type
    ADD CONSTRAINT django_content_type_pkey PRIMARY KEY (id);


--
-- TOC entry 3283 (class 2606 OID 16482)
-- Name: django_migrations django_migrations_pkey; Type: CONSTRAINT; Schema: public; Owner: totolastico
--

ALTER TABLE ONLY public.django_migrations
    ADD CONSTRAINT django_migrations_pkey PRIMARY KEY (id);


--
-- TOC entry 3286 (class 2606 OID 16484)
-- Name: django_session django_session_pkey; Type: CONSTRAINT; Schema: public; Owner: totolastico
--

ALTER TABLE ONLY public.django_session
    ADD CONSTRAINT django_session_pkey PRIMARY KEY (session_key);


--
-- TOC entry 3289 (class 2606 OID 16486)
-- Name: movie_app_actor movie_app_actor_pkey; Type: CONSTRAINT; Schema: public; Owner: totolastico
--

ALTER TABLE ONLY public.movie_app_actor
    ADD CONSTRAINT movie_app_actor_pkey PRIMARY KEY (id);


--
-- TOC entry 3295 (class 2606 OID 16488)
-- Name: movie_app_movie_actors movie_app_movie_actors_movie_id_actor_id_991f1d37_uniq; Type: CONSTRAINT; Schema: public; Owner: totolastico
--

ALTER TABLE ONLY public.movie_app_movie_actors
    ADD CONSTRAINT movie_app_movie_actors_movie_id_actor_id_991f1d37_uniq UNIQUE (movie_id, actor_id);


--
-- TOC entry 3297 (class 2606 OID 16490)
-- Name: movie_app_movie_actors movie_app_movie_actors_pkey; Type: CONSTRAINT; Schema: public; Owner: totolastico
--

ALTER TABLE ONLY public.movie_app_movie_actors
    ADD CONSTRAINT movie_app_movie_actors_pkey PRIMARY KEY (id);


--
-- TOC entry 3291 (class 2606 OID 16492)
-- Name: movie_app_movie movie_app_movie_pkey; Type: CONSTRAINT; Schema: public; Owner: totolastico
--

ALTER TABLE ONLY public.movie_app_movie
    ADD CONSTRAINT movie_app_movie_pkey PRIMARY KEY (id);


--
-- TOC entry 3300 (class 2606 OID 16494)
-- Name: movie_app_review movie_app_review_pkey; Type: CONSTRAINT; Schema: public; Owner: totolastico
--

ALTER TABLE ONLY public.movie_app_review
    ADD CONSTRAINT movie_app_review_pkey PRIMARY KEY (id);


--
-- TOC entry 3241 (class 1259 OID 16495)
-- Name: auth_group_name_a6ea08ec_like; Type: INDEX; Schema: public; Owner: totolastico
--

CREATE INDEX auth_group_name_a6ea08ec_like ON public.auth_group USING btree (name varchar_pattern_ops);


--
-- TOC entry 3246 (class 1259 OID 16496)
-- Name: auth_group_permissions_group_id_b120cbf9; Type: INDEX; Schema: public; Owner: totolastico
--

CREATE INDEX auth_group_permissions_group_id_b120cbf9 ON public.auth_group_permissions USING btree (group_id);


--
-- TOC entry 3249 (class 1259 OID 16497)
-- Name: auth_group_permissions_permission_id_84c5c92e; Type: INDEX; Schema: public; Owner: totolastico
--

CREATE INDEX auth_group_permissions_permission_id_84c5c92e ON public.auth_group_permissions USING btree (permission_id);


--
-- TOC entry 3252 (class 1259 OID 16498)
-- Name: auth_permission_content_type_id_2f476e4b; Type: INDEX; Schema: public; Owner: totolastico
--

CREATE INDEX auth_permission_content_type_id_2f476e4b ON public.auth_permission USING btree (content_type_id);


--
-- TOC entry 3262 (class 1259 OID 16499)
-- Name: auth_user_groups_group_id_97559544; Type: INDEX; Schema: public; Owner: totolastico
--

CREATE INDEX auth_user_groups_group_id_97559544 ON public.auth_user_groups USING btree (group_id);


--
-- TOC entry 3265 (class 1259 OID 16500)
-- Name: auth_user_groups_user_id_6a12ed8b; Type: INDEX; Schema: public; Owner: totolastico
--

CREATE INDEX auth_user_groups_user_id_6a12ed8b ON public.auth_user_groups USING btree (user_id);


--
-- TOC entry 3268 (class 1259 OID 16501)
-- Name: auth_user_user_permissions_permission_id_1fbb5f2c; Type: INDEX; Schema: public; Owner: totolastico
--

CREATE INDEX auth_user_user_permissions_permission_id_1fbb5f2c ON public.auth_user_user_permissions USING btree (permission_id);


--
-- TOC entry 3271 (class 1259 OID 16502)
-- Name: auth_user_user_permissions_user_id_a95ead1b; Type: INDEX; Schema: public; Owner: totolastico
--

CREATE INDEX auth_user_user_permissions_user_id_a95ead1b ON public.auth_user_user_permissions USING btree (user_id);


--
-- TOC entry 3259 (class 1259 OID 16503)
-- Name: auth_user_username_6821ab7c_like; Type: INDEX; Schema: public; Owner: totolastico
--

CREATE INDEX auth_user_username_6821ab7c_like ON public.auth_user USING btree (username varchar_pattern_ops);


--
-- TOC entry 3274 (class 1259 OID 16504)
-- Name: django_admin_log_content_type_id_c4bce8eb; Type: INDEX; Schema: public; Owner: totolastico
--

CREATE INDEX django_admin_log_content_type_id_c4bce8eb ON public.django_admin_log USING btree (content_type_id);


--
-- TOC entry 3277 (class 1259 OID 16505)
-- Name: django_admin_log_user_id_c564eba6; Type: INDEX; Schema: public; Owner: totolastico
--

CREATE INDEX django_admin_log_user_id_c564eba6 ON public.django_admin_log USING btree (user_id);


--
-- TOC entry 3284 (class 1259 OID 16506)
-- Name: django_session_expire_date_a5c62663; Type: INDEX; Schema: public; Owner: totolastico
--

CREATE INDEX django_session_expire_date_a5c62663 ON public.django_session USING btree (expire_date);


--
-- TOC entry 3287 (class 1259 OID 16507)
-- Name: django_session_session_key_c0390e0f_like; Type: INDEX; Schema: public; Owner: totolastico
--

CREATE INDEX django_session_session_key_c0390e0f_like ON public.django_session USING btree (session_key varchar_pattern_ops);


--
-- TOC entry 3292 (class 1259 OID 16508)
-- Name: movie_app_movie_actors_actor_id_ebce2ccb; Type: INDEX; Schema: public; Owner: totolastico
--

CREATE INDEX movie_app_movie_actors_actor_id_ebce2ccb ON public.movie_app_movie_actors USING btree (actor_id);


--
-- TOC entry 3293 (class 1259 OID 16509)
-- Name: movie_app_movie_actors_movie_id_036d8519; Type: INDEX; Schema: public; Owner: totolastico
--

CREATE INDEX movie_app_movie_actors_movie_id_036d8519 ON public.movie_app_movie_actors USING btree (movie_id);


--
-- TOC entry 3298 (class 1259 OID 16510)
-- Name: movie_app_review_movie_id_431a3214; Type: INDEX; Schema: public; Owner: totolastico
--

CREATE INDEX movie_app_review_movie_id_431a3214 ON public.movie_app_review USING btree (movie_id);


--
-- TOC entry 3301 (class 2606 OID 16511)
-- Name: auth_group_permissions auth_group_permissio_permission_id_84c5c92e_fk_auth_perm; Type: FK CONSTRAINT; Schema: public; Owner: totolastico
--

ALTER TABLE ONLY public.auth_group_permissions
    ADD CONSTRAINT auth_group_permissio_permission_id_84c5c92e_fk_auth_perm FOREIGN KEY (permission_id) REFERENCES public.auth_permission(id) DEFERRABLE INITIALLY DEFERRED;


--
-- TOC entry 3302 (class 2606 OID 16516)
-- Name: auth_group_permissions auth_group_permissions_group_id_b120cbf9_fk_auth_group_id; Type: FK CONSTRAINT; Schema: public; Owner: totolastico
--

ALTER TABLE ONLY public.auth_group_permissions
    ADD CONSTRAINT auth_group_permissions_group_id_b120cbf9_fk_auth_group_id FOREIGN KEY (group_id) REFERENCES public.auth_group(id) DEFERRABLE INITIALLY DEFERRED;


--
-- TOC entry 3303 (class 2606 OID 16521)
-- Name: auth_permission auth_permission_content_type_id_2f476e4b_fk_django_co; Type: FK CONSTRAINT; Schema: public; Owner: totolastico
--

ALTER TABLE ONLY public.auth_permission
    ADD CONSTRAINT auth_permission_content_type_id_2f476e4b_fk_django_co FOREIGN KEY (content_type_id) REFERENCES public.django_content_type(id) DEFERRABLE INITIALLY DEFERRED;


--
-- TOC entry 3304 (class 2606 OID 16526)
-- Name: auth_user_groups auth_user_groups_group_id_97559544_fk_auth_group_id; Type: FK CONSTRAINT; Schema: public; Owner: totolastico
--

ALTER TABLE ONLY public.auth_user_groups
    ADD CONSTRAINT auth_user_groups_group_id_97559544_fk_auth_group_id FOREIGN KEY (group_id) REFERENCES public.auth_group(id) DEFERRABLE INITIALLY DEFERRED;


--
-- TOC entry 3305 (class 2606 OID 16531)
-- Name: auth_user_groups auth_user_groups_user_id_6a12ed8b_fk_auth_user_id; Type: FK CONSTRAINT; Schema: public; Owner: totolastico
--

ALTER TABLE ONLY public.auth_user_groups
    ADD CONSTRAINT auth_user_groups_user_id_6a12ed8b_fk_auth_user_id FOREIGN KEY (user_id) REFERENCES public.auth_user(id) DEFERRABLE INITIALLY DEFERRED;


--
-- TOC entry 3306 (class 2606 OID 16536)
-- Name: auth_user_user_permissions auth_user_user_permi_permission_id_1fbb5f2c_fk_auth_perm; Type: FK CONSTRAINT; Schema: public; Owner: totolastico
--

ALTER TABLE ONLY public.auth_user_user_permissions
    ADD CONSTRAINT auth_user_user_permi_permission_id_1fbb5f2c_fk_auth_perm FOREIGN KEY (permission_id) REFERENCES public.auth_permission(id) DEFERRABLE INITIALLY DEFERRED;


--
-- TOC entry 3307 (class 2606 OID 16541)
-- Name: auth_user_user_permissions auth_user_user_permissions_user_id_a95ead1b_fk_auth_user_id; Type: FK CONSTRAINT; Schema: public; Owner: totolastico
--

ALTER TABLE ONLY public.auth_user_user_permissions
    ADD CONSTRAINT auth_user_user_permissions_user_id_a95ead1b_fk_auth_user_id FOREIGN KEY (user_id) REFERENCES public.auth_user(id) DEFERRABLE INITIALLY DEFERRED;


--
-- TOC entry 3308 (class 2606 OID 16546)
-- Name: django_admin_log django_admin_log_content_type_id_c4bce8eb_fk_django_co; Type: FK CONSTRAINT; Schema: public; Owner: totolastico
--

ALTER TABLE ONLY public.django_admin_log
    ADD CONSTRAINT django_admin_log_content_type_id_c4bce8eb_fk_django_co FOREIGN KEY (content_type_id) REFERENCES public.django_content_type(id) DEFERRABLE INITIALLY DEFERRED;


--
-- TOC entry 3309 (class 2606 OID 16551)
-- Name: django_admin_log django_admin_log_user_id_c564eba6_fk_auth_user_id; Type: FK CONSTRAINT; Schema: public; Owner: totolastico
--

ALTER TABLE ONLY public.django_admin_log
    ADD CONSTRAINT django_admin_log_user_id_c564eba6_fk_auth_user_id FOREIGN KEY (user_id) REFERENCES public.auth_user(id) DEFERRABLE INITIALLY DEFERRED;


--
-- TOC entry 3310 (class 2606 OID 16556)
-- Name: movie_app_movie_actors movie_app_movie_actors_actor_id_ebce2ccb_fk_movie_app_actor_id; Type: FK CONSTRAINT; Schema: public; Owner: totolastico
--

ALTER TABLE ONLY public.movie_app_movie_actors
    ADD CONSTRAINT movie_app_movie_actors_actor_id_ebce2ccb_fk_movie_app_actor_id FOREIGN KEY (actor_id) REFERENCES public.movie_app_actor(id) DEFERRABLE INITIALLY DEFERRED;


--
-- TOC entry 3311 (class 2606 OID 16561)
-- Name: movie_app_movie_actors movie_app_movie_actors_movie_id_036d8519_fk_movie_app_movie_id; Type: FK CONSTRAINT; Schema: public; Owner: totolastico
--

ALTER TABLE ONLY public.movie_app_movie_actors
    ADD CONSTRAINT movie_app_movie_actors_movie_id_036d8519_fk_movie_app_movie_id FOREIGN KEY (movie_id) REFERENCES public.movie_app_movie(id) DEFERRABLE INITIALLY DEFERRED;


--
-- TOC entry 3312 (class 2606 OID 16566)
-- Name: movie_app_review movie_app_review_movie_id_431a3214_fk_movie_app_movie_id; Type: FK CONSTRAINT; Schema: public; Owner: totolastico
--

ALTER TABLE ONLY public.movie_app_review
    ADD CONSTRAINT movie_app_review_movie_id_431a3214_fk_movie_app_movie_id FOREIGN KEY (movie_id) REFERENCES public.movie_app_movie(id) DEFERRABLE INITIALLY DEFERRED;


-- Completed on 2024-10-30 10:10:39 UTC

--
-- PostgreSQL database dump complete
--